{"cameraMode":{"drawMode":0,"name":"Shaded","section":"Shading Mode"},"sceneLighting":false,"audioPlay":false,"sceneViewState":{"m_AlwaysRefresh":false,"showFog":true,"showSkybox":false,"showFlares":true,"showImageEffects":true,"showParticleSystems":true,"showVisualEffectGraphs":true,"m_FxEnabled":true},"in2DMode":false,"pivot":{"x":0.07483185827732086,"y":0.6957783699035645,"z":-0.6213503479957581},"rotation":{"x":-0.00045416963985189795,"y":-0.9030543565750122,"z":0.000957433192525059,"w":-0.4295867085456848},"size":1.3239507675170899,"orthographic":false}